Company,Career Page,LinkedIn,Status,Notes
1Crowd,https://www.1crowd.com/careers,https://www.linkedin.com/company/1crowd/jobs/,,
5paisa Capital,https://www.5paisacapital.com/careers,https://www.linkedin.com/company/5paisa-capital/jobs/,,
ACKO,https://www.acko.com/careers,https://www.linkedin.com/company/acko/jobs/,,
Advarisk,https://www.advarisk.com/careers,https://www.linkedin.com/company/advarisk/jobs/,,
Advisorymandi.com,https://www.advisorymandi.com/careers,https://www.linkedin.com/company/advisorymandi/jobs/,,
Affordplan,https://www.affordplan.com/careers,https://www.linkedin.com/company/affordplan/jobs/,,
Agrim,https://www.agrim.com/careers,https://www.linkedin.com/company/agrim/jobs/,,
Agrosperity Tech Solutions,https://www.agrosperity.com/careers,https://www.linkedin.com/company/agrosperity-tech-solutions/jobs/,,
Arthmate,https://www.arthmate.com/careers,https://www.linkedin.com/company/arthmate/jobs/,,
Ascend Capital,https://www.ascendcapital.com/careers,https://www.linkedin.com/company/ascend-capital/jobs/,,
AssetPlus,https://www.assetplus.com/careers,https://www.linkedin.com/company/assetplus/jobs/,,
Assurekit,https://www.assurekit.com/careers,https://www.linkedin.com/company/assurekit/jobs/,,
Autovert,https://www.autovert.com/careers,https://www.linkedin.com/company/autovert/jobs/,,
Auxilo,https://www.auxilo.com/careers,https://www.linkedin.com/company/auxilo/jobs/,,
Avanti,https://www.avanti.com/careers,https://www.linkedin.com/company/avanti/jobs/,,
Basic Home Loan,https://www.basichomeloan.com/careers,https://www.linkedin.com/company/basic-home-loan/jobs/,,
BharatPe,https://bharatpe.com/careers,https://www.linkedin.com/company/bharatpe/jobs/,,
Bimaplan,https://www.bimaplan.com/careers,https://www.linkedin.com/company/bimaplan/jobs/,,
BonusHub,https://www.bonushub.com/careers,https://www.linkedin.com/company/bonushub/jobs/,,
Card91,https://www.card91.com/careers,https://www.linkedin.com/company/card91/jobs/,,
CASHe,https://www.cashe.com/careers,https://www.linkedin.com/company/cashe/jobs/,,
Cashflo,https://www.cashflo.com/careers,https://www.linkedin.com/company/cashflo/jobs/,,
Chqbook,https://www.chqbook.com/careers,https://www.linkedin.com/company/chqbook/jobs/,,
Clix Capital,https://www.clixcapital.com/careers,https://www.linkedin.com/company/clix-capital/jobs/,,
CRED,https://careers.cred.club,https://www.linkedin.com/company/cred-club/jobs/,,
CredAble,https://www.credable.in/careers,https://www.linkedin.com/company/credable/jobs/,,
Credgenics,https://www.credgenics.com/careers,https://www.linkedin.com/company/credgenics/jobs/,,
Credilio,https://www.credilio.com/careers,https://www.linkedin.com/company/credilio/jobs/,,
Credit Fair,https://www.creditfair.com/careers,https://www.linkedin.com/company/credit-fair/jobs/,,
CreditNirvana,https://www.creditnirvana.com/careers,https://www.linkedin.com/company/creditnirvana/jobs/,,
CrediWatch,https://www.crediwatch.com/careers,https://www.linkedin.com/company/crediwatch/jobs/,,
Credochain,https://www.credochain.com/careers,https://www.linkedin.com/company/credochain/jobs/,,
CredRight,https://www.credright.com/careers,https://www.linkedin.com/company/credright/jobs/,,
Credy,https://www.credy.com/careers,https://www.linkedin.com/company/credy/jobs/,,
Cube Wealth,https://www.cubewealth.com/careers,https://www.linkedin.com/company/cube-wealth/jobs/,,
Davinta,https://www.davinta.com/careers,https://www.linkedin.com/company/davinta/jobs/,,
Decentro,https://decentro.tech/careers,https://www.linkedin.com/company/decentro/jobs/,,
Dezerv,https://dezerv.in/careers,https://www.linkedin.com/company/dezerv/jobs/,,
DGV,https://www.dgv.com/careers,https://www.linkedin.com/company/dgv/jobs/,,
Digio,https://www.digio.in/careers,https://www.linkedin.com/company/digio/jobs/,,
Digit Insurance,https://www.godigit.com/about-us/careers,https://www.linkedin.com/company/digit-insurance/jobs/,,
Drona Pay,https://www.dronapay.com/careers,https://www.linkedin.com/company/drona-pay/jobs/,,
Ecofy,https://www.ecofy.com/careers,https://www.linkedin.com/company/ecofy/jobs/,,
Eduvanz,https://www.eduvanz.com/careers,https://www.linkedin.com/company/eduvanz/jobs/,,
EHFL,https://www.ehfl.com/careers,https://www.linkedin.com/company/ehfl/jobs/,,
Enterprise Tiger,https://www.enterprisetiger.com/careers,https://www.linkedin.com/company/enterprise-tiger/jobs/,,
ePayLater,https://www.epaylater.com/careers,https://www.linkedin.com/company/epaylater/jobs/,,
Esthenos,https://www.esthenos.com/careers,https://www.linkedin.com/company/esthenos/jobs/,,
EximPe,https://www.eximpe.com/careers,https://www.linkedin.com/company/eximpe/jobs/,,
FamApp,https://www.famapp.com/careers,https://www.linkedin.com/company/famapp/jobs/,,
Fello,https://www.fello.com/careers,https://www.linkedin.com/company/fello/jobs/,,
Fi,https://fi.money/careers,https://www.linkedin.com/company/fi-money/jobs/,,
Fibe,https://fibe.in/careers,https://www.linkedin.com/company/fibe/jobs/,,
FidyPay,https://www.fidypay.com/careers,https://www.linkedin.com/company/fidypay/jobs/,,
FinAGG,https://www.finagg.com/careers,https://www.linkedin.com/company/finagg/jobs/,,
Finbingo,https://www.finbingo.com/careers,https://www.linkedin.com/company/finbingo/jobs/,,
FinBit,https://www.finbit.com/careers,https://www.linkedin.com/company/finbit/jobs/,,
FinBox,https://www.finbox.com/careers,https://www.linkedin.com/company/finbox/jobs/,,
FingPay,https://www.fingpay.com/careers,https://www.linkedin.com/company/fingpay/jobs/,,
Finity,https://www.finity.com/careers,https://www.linkedin.com/company/finity/jobs/,,
Finnable,https://www.finnable.com/careers,https://www.linkedin.com/company/finnable/jobs/,,
Finzy,https://www.finzy.com/careers,https://www.linkedin.com/company/finzy/jobs/,,
Fisdom,https://fisdom.com/careers,https://www.linkedin.com/company/fisdom/jobs/,,
FlexiLoans,https://flexiloans.com/careers,https://www.linkedin.com/company/flexiloans/jobs/,,
Flexmoney,https://www.flexmoney.com/careers,https://www.linkedin.com/company/flexmoney/jobs/,,
Freo,https://freo.money/careers,https://www.linkedin.com/company/freo/jobs/,,
Ftcash,https://www.ftcash.com/careers,https://www.linkedin.com/company/ftcash/jobs/,,
GetVantage,https://www.getvantage.com/careers,https://www.linkedin.com/company/getvantage/jobs/,,
GramCover,https://www.gramcover.com/careers,https://www.linkedin.com/company/gramcover/jobs/,,
GrayQuest,https://www.grayquest.com/careers,https://www.linkedin.com/company/grayquest/jobs/,,
Grip,https://gripinvest.in/careers,https://www.linkedin.com/company/grip-invest/jobs/,,
GroMo,https://www.gromo.com/careers,https://www.linkedin.com/company/gromo/jobs/,,
Groww,https://groww.in/careers,https://www.linkedin.com/company/groww/jobs/,,
GyanDhan,https://www.gyandhan.com/careers,https://www.linkedin.com/company/gyandhan/jobs/,,
Happy Loans,https://www.happyloans.com/careers,https://www.linkedin.com/company/happy-loans/jobs/,,
HomeCapital,https://www.homecapital.com/careers,https://www.linkedin.com/company/homecapital/jobs/,,
IDfy,https://idfy.com/careers,https://www.linkedin.com/company/idfy/jobs/,,
InCred,https://www.incred.com/careers,https://www.linkedin.com/company/incred/jobs/,,
indiagold,https://www.indiagold.com/careers,https://www.linkedin.com/company/indiagold/jobs/,,
IndiaLends,https://www.indialends.com/careers,https://www.linkedin.com/company/indialends/jobs/,,
Indifi,https://www.indifi.com/careers,https://www.linkedin.com/company/indifi/jobs/,,
INDmoney,https://indmoney.com/careers,https://www.linkedin.com/company/indmoney/jobs/,,
InsuranceDekho,https://insurancedekho.com/careers,https://www.linkedin.com/company/insurancedekho/jobs/,,
InvestorAi,https://www.investorai.com/careers,https://www.linkedin.com/company/investorai/jobs/,,
Jai Kisan,https://www.jaikisan.com/careers,https://www.linkedin.com/company/jai-kisan/jobs/,,
Jama Wealth,https://www.jamawealth.com/careers,https://www.linkedin.com/company/jama-wealth/jobs/,,
Jar,https://myjar.app/careers,https://www.linkedin.com/company/jar-app/jobs/,,
Jodo,https://www.jodo.com/careers,https://www.linkedin.com/company/jodo/jobs/,,
Jupiter,https://jupiter.money/careers,https://www.linkedin.com/company/jupiter-money/jobs/,,
Kaleidofin,https://www.kaleidofin.com/careers,https://www.linkedin.com/company/kaleidofin/jobs/,,
KapitalTech,https://www.kapitaltech.com/careers,https://www.linkedin.com/company/kapitaltech/jobs/,,
Kinara Capital,https://www.kinaracapital.com/careers,https://www.linkedin.com/company/kinara-capital/jobs/,,
Kissht,https://www.kissht.com/careers,https://www.linkedin.com/company/kissht/jobs/,,
Kiwi,https://www.kiwi.com/careers,https://www.linkedin.com/company/kiwi/jobs/,,
KNAB Finance,https://www.knabfinance.com/careers,https://www.linkedin.com/company/knab-finance/jobs/,,
Kosh,https://www.kosh.com/careers,https://www.linkedin.com/company/kosh/jobs/,,
KreditBee,https://kreditbee.in/careers,https://www.linkedin.com/company/kreditbee/jobs/,,
KredX,https://www.kredx.com/careers,https://www.linkedin.com/company/kredx/jobs/,,
Kuvera,https://kuvera.in/careers,https://www.linkedin.com/company/kuvera/jobs/,,
Lazypay,https://www.lazypay.com/careers,https://www.linkedin.com/company/lazypay/jobs/,,
LendenClub,https://www.lendenclub.com/careers,https://www.linkedin.com/company/lendenclub/jobs/,,
Lendingkart,https://lendingkart.com/careers,https://www.linkedin.com/company/lendingkart/jobs/,,
Lentra,https://www.lentra.com/careers,https://www.linkedin.com/company/lentra/jobs/,,
LEO 1,https://www.leo1.com/careers,https://www.linkedin.com/company/leo1/jobs/,,
LiquiLoans,https://www.liquiloans.com/careers,https://www.linkedin.com/company/liquiloans/jobs/,,
LivFin,https://www.livfin.com/careers,https://www.linkedin.com/company/livfin/jobs/,,
Loan Frame,https://www.loanframe.com/careers,https://www.linkedin.com/company/loan-frame/jobs/,,
LoanTap,https://loantap.in/careers,https://www.linkedin.com/company/loantap/jobs/,,
M1xchange,https://www.m1xchange.com/careers,https://www.linkedin.com/company/m1xchange/jobs/,,
M2P,https://m2pfintech.com/careers,https://www.linkedin.com/company/m2p-fintech/jobs/,,
MarketsMojo,https://www.marketsmojo.com/careers,https://www.linkedin.com/company/marketsmojo/jobs/,,
MarketWolf,https://www.marketwolf.com/careers,https://www.linkedin.com/company/marketwolf/jobs/,,
Minko,https://www.minko.com/careers,https://www.linkedin.com/company/minko/jobs/,,
Mintifi,https://www.mintifi.com/careers,https://www.linkedin.com/company/mintifi/jobs/,,
Mintoak,https://www.mintoak.com/careers,https://www.linkedin.com/company/mintoak/jobs/,,
Modefin,https://www.modefin.com/careers,https://www.linkedin.com/company/modefin/jobs/,,
Monedo,https://www.monedo.com/careers,https://www.linkedin.com/company/monedo/jobs/,,
Money View,https://www.moneyview.com/careers,https://www.linkedin.com/company/money-view/jobs/,,
MoneyTap,https://moneytap.com/careers,https://www.linkedin.com/company/moneytap/jobs/,,
mPokket,https://www.mpokket.com/careers,https://www.linkedin.com/company/mpokket/jobs/,,
MyLoanCare,https://www.myloancare.com/careers,https://www.linkedin.com/company/myloancare/jobs/,,
MyShubhLife,https://www.myshubhlife.com/careers,https://www.linkedin.com/company/myshubhlife/jobs/,,
Namaste Credit,https://www.namastecredit.com/careers,https://www.linkedin.com/company/namaste-credit/jobs/,,
Navi,https://navi.com/careers,https://www.linkedin.com/company/navi/jobs/,,
NeoGrowth,https://www.neogrowth.com/careers,https://www.linkedin.com/company/neogrowth/jobs/,,
New Street Tech,https://www.newstreettech.com/careers,https://www.linkedin.com/company/new-street-tech/jobs/,,
NIRA,https://www.nirafinance.com/careers,https://www.linkedin.com/company/nira-finance/jobs/,,
Niro,https://www.niro.com/careers,https://www.linkedin.com/company/niro/jobs/,,
Niyo,https://www.niyo.com/careers,https://www.linkedin.com/company/niyo/jobs/,,
Niyogin,https://www.niyogin.com/careers,https://www.linkedin.com/company/niyogin/jobs/,,
Nova Benefits,https://novabenefits.com/careers,https://www.linkedin.com/company/nova-benefits/jobs/,,
NPST,https://www.npst.com/careers,https://www.linkedin.com/company/npst/jobs/,,
OLA Money,https://www.olamoney.com/careers,https://www.linkedin.com/company/ola-money/jobs/,,
Olyv,https://www.olyv.com/careers,https://www.linkedin.com/company/olyv/jobs/,,
Onebanc,https://www.onebanc.com/careers,https://www.linkedin.com/company/onebanc/jobs/,,
OneCard,https://www.onecard.app/careers,https://www.linkedin.com/company/onecard/jobs/,,
Onemoney,https://www.onemoney.com/careers,https://www.linkedin.com/company/onemoney/jobs/,,
OneStack,https://www.onestack.com/careers,https://www.linkedin.com/company/onestack/jobs/,,
OnSurity,https://www.onsurity.com/careers,https://www.linkedin.com/company/onsurity/jobs/,,
Open,https://www.open.money/careers,https://www.linkedin.com/company/open-financial-technologies/jobs/,,
Oro Money,https://www.oromoney.com/careers,https://www.linkedin.com/company/oro-money/jobs/,,
Orocorp Technologies,https://www.orocorp.com/careers,https://www.linkedin.com/company/orocorp-technologies/jobs/,,
OTO,https://www.oto.com/careers,https://www.linkedin.com/company/oto/jobs/,,
Oxyzo,https://oxyzo.in/careers,https://www.linkedin.com/company/oxyzo/jobs/,,
PayGlocal,https://www.payglocal.com/careers,https://www.linkedin.com/company/payglocal/jobs/,,
PayMeIndia,https://www.paymeindia.com/careers,https://www.linkedin.com/company/paymeindia/jobs/,,
PayNearby,https://paynearby.in/careers,https://www.linkedin.com/company/paynearby/jobs/,,
PayPhi,https://www.payphi.com/careers,https://www.linkedin.com/company/payphi/jobs/,,
Paytm Money,https://www.paytmmoney.com/careers,https://www.linkedin.com/company/paytm-money/jobs/,,
Paz Care,https://www.pazcare.com/careers,https://www.linkedin.com/company/paz-care/jobs/,,
Phocket,https://www.phocket.com/careers,https://www.linkedin.com/company/phocket/jobs/,,
Plum,https://plumhq.com/careers,https://www.linkedin.com/company/plum-benefits/jobs/,,
Progcap,https://www.progcap.com/careers,https://www.linkedin.com/company/progcap/jobs/,,
Propelld,https://www.propelld.com/careers,https://www.linkedin.com/company/propelld/jobs/,,
PropertyShare,https://propertyshare.in/careers,https://www.linkedin.com/company/propertyshare/jobs/,,
psbloansin59minutes.com,https://www.psbloansin59minutes.com/careers,https://www.linkedin.com/company/psb-loans-in-59-minutes/jobs/,,
QuickInsure,https://www.quickinsure.com/careers,https://www.linkedin.com/company/quickinsure/jobs/,,
Raise,https://www.raise.com/careers,https://www.linkedin.com/company/raise/jobs/,,
Razorpay,https://razorpay.com/jobs,https://www.linkedin.com/company/razorpay/jobs/,,
RenewBuy,https://www.renewbuy.com/careers,https://www.linkedin.com/company/renewbuy/jobs/,,
RevFin,https://www.revfin.com/careers,https://www.linkedin.com/company/revfin/jobs/,,
Riskcovry,https://www.riskcovry.com/careers,https://www.linkedin.com/company/riskcovry/jobs/,,
Rupeek,https://rupeek.com/careers,https://www.linkedin.com/company/rupeek/jobs/,,
RupeeRedee,https://www.rupeeredee.com/careers,https://www.linkedin.com/company/rupeeredee/jobs/,,
Rupifi,https://www.rupifi.com/careers,https://www.linkedin.com/company/rupifi/jobs/,,
SabPaisa,https://www.sabpaisa.com/careers,https://www.linkedin.com/company/sabpaisa/jobs/,,
SafexPay,https://www.safexpay.com/careers,https://www.linkedin.com/company/safexpay/jobs/,,
Scoreme,https://www.scoreme.com/careers,https://www.linkedin.com/company/scoreme/jobs/,,
Scripbox,https://scripbox.com/careers,https://www.linkedin.com/company/scripbox/jobs/,,
SecureNow,https://www.securenow.com/careers,https://www.linkedin.com/company/securenow/jobs/,,
SETU,https://www.setu.co/careers,https://www.linkedin.com/company/setu/jobs/,,
ShopSe,https://www.shopse.com/careers,https://www.linkedin.com/company/shopse/jobs/,,
Signzy,https://signzy.com/careers,https://www.linkedin.com/company/signzy/jobs/,,
Simpl,https://www.simpl.com/careers,https://www.linkedin.com/company/simpl/jobs/,,
Siply,https://www.siply.com/careers,https://www.linkedin.com/company/siply/jobs/,,
slice,https://sliceit.com/careers,https://www.linkedin.com/company/sliceit/jobs/,,
smallcase,https://smallcase.com/careers,https://www.linkedin.com/company/smallcase/jobs/,,
Snapmint,https://www.snapmint.com/careers,https://www.linkedin.com/company/snapmint/jobs/,,
Stable Money,https://www.stablemoney.com/careers,https://www.linkedin.com/company/stable-money/jobs/,,
Stashfin,https://www.stashfin.com/careers,https://www.linkedin.com/company/stashfin/jobs/,,
Strata,https://strataprop.com/careers,https://www.linkedin.com/company/strata-prop/jobs/,,
SuperMoney,https://www.supermoney.com/careers,https://www.linkedin.com/company/supermoney/jobs/,,
Symbo,https://www.symbo.com/careers,https://www.linkedin.com/company/symbo/jobs/,,
Synaptic,https://www.synaptic.com/careers,https://www.linkedin.com/company/synaptic/jobs/,,
TCPL,https://www.tcpl.com/careers,https://www.linkedin.com/company/tcpl/jobs/,,
Toffee,https://www.toffeeinsurance.com/careers,https://www.linkedin.com/company/toffee-insurance/jobs/,,
ToneTag,https://www.tonetag.com/careers,https://www.linkedin.com/company/tonetag/jobs/,,
Trustt,https://www.trustt.com/careers,https://www.linkedin.com/company/trustt/jobs/,,
Turtlemint,https://turtlemint.com/careers,https://www.linkedin.com/company/turtlemint/jobs/,,
TWID,https://www.twid.com/careers,https://www.linkedin.com/company/twid/jobs/,,
UBFC,https://www.ubfc.com/careers,https://www.linkedin.com/company/ubfc/jobs/,,
Uni Cards,https://www.uni.cards/careers,https://www.linkedin.com/company/uni-cards/jobs/,,
Unnati,https://www.unnati.com/careers,https://www.linkedin.com/company/unnati/jobs/,,
Upswing,https://www.upswing.com/careers,https://www.linkedin.com/company/upswing/jobs/,,
Veefin,https://www.veefin.com/careers,https://www.linkedin.com/company/veefin/jobs/,,
VegaPay,https://www.vegapay.com/careers,https://www.linkedin.com/company/vegapay/jobs/,,
Velocity,https://www.velocity.in/careers,https://www.linkedin.com/company/velocity-india/jobs/,,
Vested Finance,https://vestedfinance.com/careers,https://www.linkedin.com/company/vested-finance/jobs/,,
Vitraya,https://www.vitraya.com/careers,https://www.linkedin.com/company/vitraya/jobs/,,
Vivifi India Finance,https://www.vivifi.com/careers,https://www.linkedin.com/company/vivifi-india-finance/jobs/,,
Vivriti Capital,https://www.vivriticapital.com/careers,https://www.linkedin.com/company/vivriti-capital/jobs/,,
WealthDesk,https://www.wealthdesk.com/careers,https://www.linkedin.com/company/wealthdesk/jobs/,,
Wealthy,https://www.wealthy.in/careers,https://www.linkedin.com/company/wealthy/jobs/,,
WeRize,https://www.werize.com/careers,https://www.linkedin.com/company/werize/jobs/,,
Wint Wealth,https://wintwealth.com/careers,https://www.linkedin.com/company/wint-wealth/jobs/,,
Wishfin,https://www.wishfin.com/careers,https://www.linkedin.com/company/wishfin/jobs/,,
WonderLend Hubs,https://www.wonderlendhubs.com/careers,https://www.linkedin.com/company/wonderlend-hubs/jobs/,,
